,languages,num_speakers,low_eng_prof,speaker_perc,low_prof_perc,group_labels,subgroup_labels
0,.Population 5 years and over,291484482,25148900,1.0,0.08627869253087717,header,header
1,Speak only English at home,231122908,-1,0.7929166808955544,-1.0,header,header
2,Speak a language other than English at home,60361574,25148900,0.2070833191044455,0.08627869253087717,header,header
3,SPANISH AND SPANISH CREOLE,37458624,16344473,0.12850983950493802,0.05607321833345488,group_header,group_header
4,..Spanish,37458470,16344440,0.1285093111749256,0.05607310511988079,SPANISH AND SPANISH CREOLE,
5,..Ladino,130,25,4.4599286764089214e-07,8.576785916171002e-08,SPANISH AND SPANISH CREOLE,
6,..Pachuco,-1,-1,-1.0,-1.0,SPANISH AND SPANISH CREOLE,
7,OTHER INDO-EUROPEAN LANGUAGES,10737607,3424558,0.036837662596391665,0.011748680329404295,group_header,group_header
8,".French (incl. Patois, Cajun)",1307742,266120,0.004486489267034119,0.0009129817072045708,OTHER INDO-EUROPEAN LANGUAGES,subgroup_header
9,..French,1253560,258730,0.004300606301230129,0.0008876287280363694,OTHER INDO-EUROPEAN LANGUAGES,".French (incl. Patois, Cajun)"
10,..Patois,32900,4695,0.00011287050265681039,1.610720395056914e-05,OTHER INDO-EUROPEAN LANGUAGES,".French (incl. Patois, Cajun)"
11,..Cajun,21285,2695,7.302275529027991e-05,9.24577521763234e-06,OTHER INDO-EUROPEAN LANGUAGES,".French (incl. Patois, Cajun)"
12,.French Creole,739725,323689,0.002537785184735838,0.0011104845025677902,OTHER INDO-EUROPEAN LANGUAGES,
13,.Italian,708966,191724,0.0024322598415376364,0.0006577502811967877,OTHER INDO-EUROPEAN LANGUAGES,
14,.Portuguese (incl. Portuguese Creole),693469,269805,0.0023790940610004755,0.000925623889645007,OTHER INDO-EUROPEAN LANGUAGES,subgroup_header
15,..Portuguese,692500,269615,0.0023757696987793675,0.000924972053915378,OTHER INDO-EUROPEAN LANGUAGES,.Portuguese (incl. Portuguese Creole)
16,..Papia Mentae,970,190,3.3277929354743486e-06,6.518357296289961e-07,OTHER INDO-EUROPEAN LANGUAGES,.Portuguese (incl. Portuguese Creole)
17,.German (incl. Luxembourgian),1063773,174758,0.00364950131376119,0.0005995447812552848,OTHER INDO-EUROPEAN LANGUAGES,subgroup_header
18,..German,1063275,174735,0.003647792818006689,0.000599465874824856,OTHER INDO-EUROPEAN LANGUAGES,.German (incl. Luxembourgian)
19,..Luxembourgian,500,25,1.7153571832342005e-06,8.576785916171002e-08,OTHER INDO-EUROPEAN LANGUAGES,.German (incl. Luxembourgian)
20,.Yiddish,155582,53116,0.0005337574025638868,0.00018222582428933557,OTHER INDO-EUROPEAN LANGUAGES,
21,.Other West Germanic languages,298287,71112,0.0010233374962307599,0.0002439649600283009,OTHER INDO-EUROPEAN LANGUAGES,subgroup_header
22,..Pennsylvania Dutch,133190,44075,0.0004569368464699263,0.00015120873570209476,OTHER INDO-EUROPEAN LANGUAGES,.Other West Germanic languages
23,..Dutch,141580,25030,0.0004857205400045962,8.587078059270407e-05,OTHER INDO-EUROPEAN LANGUAGES,.Other West Germanic languages
24,..Afrikaans,23010,1885,7.89407375724379e-05,6.466896580792936e-06,OTHER INDO-EUROPEAN LANGUAGES,.Other West Germanic languages
25,..Frisian,510,120,1.7496643268988844e-06,4.116857239762081e-07,OTHER INDO-EUROPEAN LANGUAGES,.Other West Germanic languages
26,.Scandinavian languages,128339,13312,0.0004402944510781881,4.566966964642735e-05,OTHER INDO-EUROPEAN LANGUAGES,subgroup_header
27,..Swedish,55735,5045,0.00019121086521511633,1.7307953978833082e-05,OTHER INDO-EUROPEAN LANGUAGES,.Scandinavian languages
28,..Danish,28285,3030,9.703775585555872e-05,1.0395064530399255e-05,OTHER INDO-EUROPEAN LANGUAGES,.Scandinavian languages
29,..Norwegian,39430,4675,0.00013527306746984903,1.6038589663239773e-05,OTHER INDO-EUROPEAN LANGUAGES,.Scandinavian languages
30,..Icelandic,4865,565,1.669042539286877e-05,1.9383536170546465e-06,OTHER INDO-EUROPEAN LANGUAGES,.Scandinavian languages
31,..Faroese,30,-1,1.0292143099405203e-07,-1.0,OTHER INDO-EUROPEAN LANGUAGES,.Scandinavian languages
32,.Greek,304932,75799,0.0010461345931959424,0.0002600447182639383,OTHER INDO-EUROPEAN LANGUAGES,
33,.Russian,879434,416526,0.0030170868581607716,0.0014289817322076172,OTHER INDO-EUROPEAN LANGUAGES,
34,.Polish,580153,235241,0.0019903392318497424,0.0008070446782823931,OTHER INDO-EUROPEAN LANGUAGES,
35,.Serbo-Croatian languages,267979,103432,0.0009193594052118356,0.00035484564835255964,OTHER INDO-EUROPEAN LANGUAGES,subgroup_header
36,..Serbocroatian,144675,62965,0.0004963386009688159,0.00021601493008468285,OTHER INDO-EUROPEAN LANGUAGES,.Serbo-Croatian languages
37,..Croatian,53040,15930,0.000181965089997484,5.465127985784163e-05,OTHER INDO-EUROPEAN LANGUAGES,.Serbo-Croatian languages
38,..Serbian,70260,24540,0.00024104199138806983,8.418973055313455e-05,OTHER INDO-EUROPEAN LANGUAGES,.Serbo-Croatian languages
39,.Other Slavic languages,316501,120594,0.0010858245277016153,0.0004137235683098903,OTHER INDO-EUROPEAN LANGUAGES,subgroup_header
40,..Bielorussian,1805,1035,6.192439431475464e-06,3.550789369294795e-06,OTHER INDO-EUROPEAN LANGUAGES,.Other Slavic languages
41,..Ukrainian,152325,71915,0.0005225835658722992,0.00024671982366457503,OTHER INDO-EUROPEAN LANGUAGES,.Other Slavic languages
42,..Czech,47385,11235,0.00016256440025510518,3.854407590727248e-05,OTHER INDO-EUROPEAN LANGUAGES,.Other Slavic languages
43,..Lusatian,-1,-1,-1.0,-1.0,OTHER INDO-EUROPEAN LANGUAGES,.Other Slavic languages
44,..Slovak,27930,7125,9.581985225546244e-05,2.4443839861087356e-05,OTHER INDO-EUROPEAN LANGUAGES,.Other Slavic languages
45,..Bulgarian,57785,19455,0.00019824382966637655,6.674454799964274e-05,OTHER INDO-EUROPEAN LANGUAGES,.Other Slavic languages
46,..Macedonian,22885,8125,7.851189827662936e-05,2.7874554227555757e-05,OTHER INDO-EUROPEAN LANGUAGES,.Other Slavic languages
47,..Slovene,6370,1705,2.1853650514403712e-05,5.8493679948286235e-06,OTHER INDO-EUROPEAN LANGUAGES,.Other Slavic languages
48,.Armenian,237840,106794,0.0008159611049208445,0.0003663797100526264,OTHER INDO-EUROPEAN LANGUAGES,
49,.Persian,391113,144876,0.0013417969880125556,0.0004970281745564761,OTHER INDO-EUROPEAN LANGUAGES,
50,.Hindi,643337,132631,0.002207105488380682,0.0004550190771390705,OTHER INDO-EUROPEAN LANGUAGES,
51,.Gujarati,373253,132572,0.00128052442942743,0.0004548166649914488,OTHER INDO-EUROPEAN LANGUAGES,
52,.Urdu,397502,116566,0.0013637158220999224,0.0003999046508417556,OTHER INDO-EUROPEAN LANGUAGES,
53,.Other Indic languages,800364,315196,0.002745820273204115,0.0010813474454533741,OTHER INDO-EUROPEAN LANGUAGES,subgroup_header
54,..India n.e.c.3,61385,20575,0.00021059440138566278,7.058694809008735e-05,OTHER INDO-EUROPEAN LANGUAGES,.Other Indic languages
55,..Bengali,257740,105180,0.0008842323208135657,0.0003608425370651464,OTHER INDO-EUROPEAN LANGUAGES,.Other Indic languages
56,..Panjabi,253740,104750,0.000870509463347692,0.000359367329887565,OTHER INDO-EUROPEAN LANGUAGES,.Other Indic languages
57,..Marathi,73630,10525,0.00025260349880306836,3.6108268707079916e-05,OTHER INDO-EUROPEAN LANGUAGES,.Other Indic languages
58,..Bihari,595,260,2.0412750480486984e-06,8.919857352817843e-07,OTHER INDO-EUROPEAN LANGUAGES,.Other Indic languages
59,..Rajasthani,715,215,2.4529607720249066e-06,7.376035887907062e-07,OTHER INDO-EUROPEAN LANGUAGES,.Other Indic languages
60,..Oriya,5385,910,1.8474396863432338e-05,3.1219500734862447e-06,OTHER INDO-EUROPEAN LANGUAGES,.Other Indic languages
61,..Assamese,1305,100,4.477082248241263e-06,3.430714366468401e-07,OTHER INDO-EUROPEAN LANGUAGES,.Other Indic languages
62,..Kashmiri,1775,285,6.089518000481412e-06,9.777535944434942e-07,OTHER INDO-EUROPEAN LANGUAGES,.Other Indic languages
63,..Nepali,94220,56650,0.0003232419076086527,0.0001943499688604349,OTHER INDO-EUROPEAN LANGUAGES,.Other Indic languages
64,..Sindhi,8965,1775,3.075635429538921e-05,6.089518000481412e-06,OTHER INDO-EUROPEAN LANGUAGES,.Other Indic languages
65,..Pakistan n.e.c.3,12605,5145,4.3244154589334194e-05,1.7651025415479923e-05,OTHER INDO-EUROPEAN LANGUAGES,.Other Indic languages
66,..Sinhalese,26745,8350,9.175445573119738e-05,2.8646464960011146e-05,OTHER INDO-EUROPEAN LANGUAGES,.Other Indic languages
67,..Romany,1555,480,5.334760839858364e-06,1.6467428959048325e-06,OTHER INDO-EUROPEAN LANGUAGES,.Other Indic languages
68,.Other Indo-European languages,449316,160695,0.001541474856284116,0.0005512986451196397,OTHER INDO-EUROPEAN LANGUAGES,subgroup_header
69,..Jamaican Creole,21965,5965,7.535564105947842e-05,2.046421119598401e-05,OTHER INDO-EUROPEAN LANGUAGES,.Other Indo-European languages
70,..Krio,10560,2820,3.6228343709906314e-05,9.67461451344089e-06,OTHER INDO-EUROPEAN LANGUAGES,.Other Indo-European languages
71,..Hawaiian Pidgin,365,30,1.2522107437609663e-06,1.0292143099405203e-07,OTHER INDO-EUROPEAN LANGUAGES,.Other Indo-European languages
72,..Pidgin,4445,1100,1.5249525358952041e-05,3.773785803115241e-06,OTHER INDO-EUROPEAN LANGUAGES,.Other Indo-European languages
73,..Gullah,385,150,1.3208250310903343e-06,5.146071549702602e-07,OTHER INDO-EUROPEAN LANGUAGES,.Other Indo-European languages
74,..Saramacca,35,-1,1.2007500282639404e-07,-1.0,OTHER INDO-EUROPEAN LANGUAGES,.Other Indo-European languages
75,..Catalonian,2325,500,7.976410902039032e-06,1.7153571832342005e-06,OTHER INDO-EUROPEAN LANGUAGES,.Other Indo-European languages
76,..Romanian,154625,55550,0.0005304742089151765,0.00019057618305731968,OTHER INDO-EUROPEAN LANGUAGES,.Other Indo-European languages
77,..Rhaeto-Romanic,-1,-1,-1.0,-1.0,OTHER INDO-EUROPEAN LANGUAGES,.Other Indo-European languages
78,..Welsh,2235,235,7.667646609056876e-06,8.062178761200742e-07,OTHER INDO-EUROPEAN LANGUAGES,.Other Indo-European languages
79,..Irish Gaelic,20590,2505,7.063840880558438e-05,8.593939488003344e-06,OTHER INDO-EUROPEAN LANGUAGES,.Other Indo-European languages
80,..Scottic Gaelic,1635,190,5.609217989175835e-06,6.518357296289961e-07,OTHER INDO-EUROPEAN LANGUAGES,.Other Indo-European languages
81,..Albanian,133870,58820,0.0004592697322391248,0.00020179461903567134,OTHER INDO-EUROPEAN LANGUAGES,.Other Indo-European languages
82,..Lithuanian,39790,12370,0.00013650812464177767,4.2437936713214116e-05,OTHER INDO-EUROPEAN LANGUAGES,.Other Indo-European languages
83,..Latvian,16035,3300,5.501150486632081e-05,1.1321357409345723e-05,OTHER INDO-EUROPEAN LANGUAGES,.Other Indo-European languages
84,..Pashto,22760,9840,7.80830589808208e-05,3.375822936604907e-05,OTHER INDO-EUROPEAN LANGUAGES,.Other Indo-European languages
85,..Kurdish,17020,6870,5.8390758517292184e-05,2.3569007697637914e-05,OTHER INDO-EUROPEAN LANGUAGES,.Other Indo-European languages
86,..Balochi,185,85,6.346821577966542e-07,2.9161072114981405e-07,OTHER INDO-EUROPEAN LANGUAGES,.Other Indo-European languages
87,..Tadzhik,435,350,1.4923607494137543e-06,1.2007500282639403e-06,OTHER INDO-EUROPEAN LANGUAGES,.Other Indo-European languages
88,..Ossete,50,-1,1.7153571832342004e-07,-1.0,OTHER INDO-EUROPEAN LANGUAGES,.Other Indo-European languages
89,ASIAN AND PACIFIC ISLAND LANGUAGES,9539099,4570035,0.03272592398246436,0.01567848472976342,group_header,group_header
90,".Chinese (incl. Cantonese, Mandarin, other Chinese languages4)",2896766,1600886,0.009937976732497203,0.005492182599278132,ASIAN AND PACIFIC ISLAND LANGUAGES,subgroup_header
91,..Chinese,1867485,1054885,0.006406807618664242,0.003619009124472019,ASIAN AND PACIFIC ISLAND LANGUAGES,".Chinese (incl. Cantonese, Mandarin, other Chinese languages4)"
92,..Hakka,1350,840,4.631464394732341e-06,2.8818000678334567e-06,ASIAN AND PACIFIC ISLAND LANGUAGES,".Chinese (incl. Cantonese, Mandarin, other Chinese languages4)"
93,"..Kan, Hsiang",50,-1,1.7153571832342004e-07,-1.0,ASIAN AND PACIFIC ISLAND LANGUAGES,".Chinese (incl. Cantonese, Mandarin, other Chinese languages4)"
94,..Cantonese,458840,257625,0.001574148979910361,0.0008838377886614218,ASIAN AND PACIFIC ISLAND LANGUAGES,".Chinese (incl. Cantonese, Mandarin, other Chinese languages4)"
95,..Mandarin,487250,240810,0.0016716155750617283,0.0008261503265892556,ASIAN AND PACIFIC ISLAND LANGUAGES,".Chinese (incl. Cantonese, Mandarin, other Chinese languages4)"
96,..Fuchow,1450,1175,4.9745358313791815e-06,4.031089380600371e-06,ASIAN AND PACIFIC ISLAND LANGUAGES,".Chinese (incl. Cantonese, Mandarin, other Chinese languages4)"
97,..Formosan,77675,44140,0.00026648073841543306,0.00015143173213591523,ASIAN AND PACIFIC ISLAND LANGUAGES,".Chinese (incl. Cantonese, Mandarin, other Chinese languages4)"
98,..Wu,2670,1375,9.160007358470631e-06,4.717232253894051e-06,ASIAN AND PACIFIC ISLAND LANGUAGES,".Chinese (incl. Cantonese, Mandarin, other Chinese languages4)"
99,.Japanese,449475,194436,0.0015420203398683846,0.00066705437855865,ASIAN AND PACIFIC ISLAND LANGUAGES,
100,.Korean,1117343,617905,0.0038332846823729023,0.0021198555606126573,ASIAN AND PACIFIC ISLAND LANGUAGES,
101,".Mon-Khmer, Cambodian",212167,109633,0.0007278843749905013,0.0003761195081390302,ASIAN AND PACIFIC ISLAND LANGUAGES,
102,.Hmong,214943,92861,0.0007374080380718175,0.00031857956678462215,ASIAN AND PACIFIC ISLAND LANGUAGES,
103,.Thai,152649,79746,0.0005236951173270349,0.0002735857478683891,ASIAN AND PACIFIC ISLAND LANGUAGES,
104,.Laotian,152647,75885,0.000523688255898302,0.0002603397596994546,ASIAN AND PACIFIC ISLAND LANGUAGES,
105,.Vietnamese,1399936,839237,0.004802780547336307,0.0028791824327718415,ASIAN AND PACIFIC ISLAND LANGUAGES,
106,.Other Asian languages,908314,282138,0.003116165889064379,0.0009679348899266617,ASIAN AND PACIFIC ISLAND LANGUAGES,subgroup_header
107,..Karakalpak,-1,-1,-1.0,-1.0,ASIAN AND PACIFIC ISLAND LANGUAGES,.Other Asian languages
108,..Kazakh,1480,750,5.0774572623732335e-06,2.573035774851301e-06,ASIAN AND PACIFIC ISLAND LANGUAGES,.Other Asian languages
109,..Kirghiz,550,305,1.8868929015576205e-06,1.0463678817728622e-06,ASIAN AND PACIFIC ISLAND LANGUAGES,.Other Asian languages
110,..Karachay,420,140,1.4409000339167284e-06,4.803000113055762e-07,ASIAN AND PACIFIC ISLAND LANGUAGES,.Other Asian languages
111,..Uighur,8905,5895,3.055051143340111e-05,2.0224061190331222e-05,ASIAN AND PACIFIC ISLAND LANGUAGES,.Other Asian languages
112,..Azerbaijani,2085,1025,7.153039454086616e-06,3.5164822256301107e-06,ASIAN AND PACIFIC ISLAND LANGUAGES,.Other Asian languages
113,..Turkish,116515,43495,0.00039972968440906575,0.0001492189213695431,ASIAN AND PACIFIC ISLAND LANGUAGES,.Other Asian languages
114,..Turkmen,205,75,7.032964451260222e-07,2.573035774851301e-07,ASIAN AND PACIFIC ISLAND LANGUAGES,.Other Asian languages
115,..Mongolian,10180,5430,3.492467225064832e-05,1.8628779009923417e-05,ASIAN AND PACIFIC ISLAND LANGUAGES,.Other Asian languages
116,..Tungus,235,120,8.062178761200742e-07,4.116857239762081e-07,ASIAN AND PACIFIC ISLAND LANGUAGES,.Other Asian languages
117,..Dravidian,1150,160,3.945321521438661e-06,5.489142986349442e-07,ASIAN AND PACIFIC ISLAND LANGUAGES,.Other Asian languages
118,..Gondi,1470,270,5.043150118708549e-06,9.262928789464682e-07,ASIAN AND PACIFIC ISLAND LANGUAGES,.Other Asian languages
119,..Telugu,247760,51635,0.000849993791436211,0.00017714493631259588,ASIAN AND PACIFIC ISLAND LANGUAGES,.Other Asian languages
120,..Kannada,48620,7425,0.00016680133249769366,2.5473054171027878e-05,ASIAN AND PACIFIC ISLAND LANGUAGES,.Other Asian languages
121,..Malayalam,146310,41535,0.0005019478189579917,0.00014249472121126503,ASIAN AND PACIFIC ISLAND LANGUAGES,.Other Asian languages
122,..Tamil,190685,33885,0.000654185768970027,0.00011624975630778176,ASIAN AND PACIFIC ISLAND LANGUAGES,.Other Asian languages
123,..Munda,2030,235,6.964350163930854e-06,8.062178761200742e-07,ASIAN AND PACIFIC ISLAND LANGUAGES,.Other Asian languages
124,..Burushaski,95,-1,3.2591786481449807e-07,-1.0,ASIAN AND PACIFIC ISLAND LANGUAGES,.Other Asian languages
125,..Tibetan,16730,9735,5.7395851351016345e-05,3.339800435756988e-05,ASIAN AND PACIFIC ISLAND LANGUAGES,.Other Asian languages
126,..Burmese,62645,44530,0.00021491710148741297,0.0001527697107388379,ASIAN AND PACIFIC ISLAND LANGUAGES,.Other Asian languages
127,..Karen,30185,26440,0.00010355611315184869,9.070808784942453e-05,ASIAN AND PACIFIC ISLAND LANGUAGES,.Other Asian languages
128,..Kachin,520,415,1.7839714705635685e-06,1.4237464620843863e-06,ASIAN AND PACIFIC ISLAND LANGUAGES,.Other Asian languages
129,..Mien,19010,8220,6.52178801065643e-05,2.8200472092370256e-05,ASIAN AND PACIFIC ISLAND LANGUAGES,.Other Asian languages
130,..Paleo-siberian,530,385,1.8182786142282525e-06,1.3208250310903343e-06,ASIAN AND PACIFIC ISLAND LANGUAGES,.Other Asian languages
131,.Tagalog,1613346,516522,0.005534929300284329,0.0017720394459969913,ASIAN AND PACIFIC ISLAND LANGUAGES,
132,.Other Pacific Island languages,421513,160786,0.001446090704753195,0.0005516108401269883,ASIAN AND PACIFIC ISLAND LANGUAGES,subgroup_header
133,..Indonesian,67410,29400,0.00023126445544363491,0.00010086300237417098,ASIAN AND PACIFIC ISLAND LANGUAGES,.Other Pacific Island languages
134,..Achinese,-1,-1,-1.0,-1.0,ASIAN AND PACIFIC ISLAND LANGUAGES,.Other Pacific Island languages
135,..Balinese,795,160,2.727417921342379e-06,5.489142986349442e-07,ASIAN AND PACIFIC ISLAND LANGUAGES,.Other Pacific Island languages
136,..Cham,1050,500,3.602250084791821e-06,1.7153571832342005e-06,ASIAN AND PACIFIC ISLAND LANGUAGES,.Other Pacific Island languages
137,..Javanese,495,135,1.6982036114018584e-06,4.631464394732341e-07,ASIAN AND PACIFIC ISLAND LANGUAGES,.Other Pacific Island languages
138,..Malagasy,720,225,2.4701143438572485e-06,7.719107324553902e-07,ASIAN AND PACIFIC ISLAND LANGUAGES,.Other Pacific Island languages
139,..Malay,14580,4910,5.001981546310929e-05,1.6844807539359848e-05,ASIAN AND PACIFIC ISLAND LANGUAGES,.Other Pacific Island languages
140,..Minangkabau,15,-1,5.1460715497026015e-08,-1.0,ASIAN AND PACIFIC ISLAND LANGUAGES,.Other Pacific Island languages
141,..Sundanese,35,35,1.2007500282639404e-07,1.2007500282639404e-07,ASIAN AND PACIFIC ISLAND LANGUAGES,.Other Pacific Island languages
142,..Bisayan,29800,11505,0.00010223528812075834,3.947036878621895e-05,ASIAN AND PACIFIC ISLAND LANGUAGES,.Other Pacific Island languages
143,..Sebuano,15700,4935,5.3862215553553895e-05,1.693057539852156e-05,ASIAN AND PACIFIC ISLAND LANGUAGES,.Other Pacific Island languages
144,..Pangasinan,2265,1115,7.770568040050929e-06,3.825246518612267e-06,ASIAN AND PACIFIC ISLAND LANGUAGES,.Other Pacific Island languages
145,..Ilocano,85755,47250,0.0002942009104964977,0.00016210125381563195,ASIAN AND PACIFIC ISLAND LANGUAGES,.Other Pacific Island languages
146,..Bikol,695,200,2.384346484695539e-06,6.861428732936802e-07,ASIAN AND PACIFIC ISLAND LANGUAGES,.Other Pacific Island languages
147,..Pampangan,5620,2460,1.9280614739552413e-05,8.439557341512267e-06,ASIAN AND PACIFIC ISLAND LANGUAGES,.Other Pacific Island languages
148,..Micronesian,7830,3435,2.686249348944758e-05,1.1784503848818957e-05,ASIAN AND PACIFIC ISLAND LANGUAGES,.Other Pacific Island languages
149,..Carolinian,945,545,3.242025076312639e-06,1.8697393297252784e-06,ASIAN AND PACIFIC ISLAND LANGUAGES,.Other Pacific Island languages
150,..Chamorro,19780,3195,6.785953016874497e-05,1.0961132400866542e-05,ASIAN AND PACIFIC ISLAND LANGUAGES,.Other Pacific Island languages
151,..Gilbertese,170,85,5.832214422996281e-07,2.9161072114981405e-07,ASIAN AND PACIFIC ISLAND LANGUAGES,.Other Pacific Island languages
152,..Kusaiean,1165,445,3.996782236935687e-06,1.5266678930784385e-06,ASIAN AND PACIFIC ISLAND LANGUAGES,.Other Pacific Island languages
153,..Marshallese,18485,9545,6.341675506416839e-05,3.274616862794088e-05,ASIAN AND PACIFIC ISLAND LANGUAGES,.Other Pacific Island languages
154,..Mokilese,500,190,1.7153571832342005e-06,6.518357296289961e-07,ASIAN AND PACIFIC ISLAND LANGUAGES,.Other Pacific Island languages
155,..Mortlockese,-1,-1,-1.0,-1.0,ASIAN AND PACIFIC ISLAND LANGUAGES,.Other Pacific Island languages
156,..Nauruan,-1,-1,-1.0,-1.0,ASIAN AND PACIFIC ISLAND LANGUAGES,.Other Pacific Island languages
157,..Palau,4140,1290,1.420315747717918e-05,4.425621532744237e-06,ASIAN AND PACIFIC ISLAND LANGUAGES,.Other Pacific Island languages
158,..Ponapean,3525,1495,1.2093268141801114e-05,5.128917977870259e-06,ASIAN AND PACIFIC ISLAND LANGUAGES,.Other Pacific Island languages
159,..Trukese,8790,5200,3.0155979281257243e-05,1.7839714705635684e-05,ASIAN AND PACIFIC ISLAND LANGUAGES,.Other Pacific Island languages
160,..Ulithean,40,-1,1.3722857465873605e-07,-1.0,ASIAN AND PACIFIC ISLAND LANGUAGES,.Other Pacific Island languages
161,..Woleai-Ulithi,140,-1,4.803000113055762e-07,-1.0,ASIAN AND PACIFIC ISLAND LANGUAGES,.Other Pacific Island languages
162,..Yapese,720,350,2.4701143438572485e-06,1.2007500282639403e-06,ASIAN AND PACIFIC ISLAND LANGUAGES,.Other Pacific Island languages
163,..Melanesian,1305,295,4.477082248241263e-06,1.0120607381081783e-06,ASIAN AND PACIFIC ISLAND LANGUAGES,.Other Pacific Island languages
164,..Polynesian,435,160,1.4923607494137543e-06,5.489142986349442e-07,ASIAN AND PACIFIC ISLAND LANGUAGES,.Other Pacific Island languages
165,..Samoan,64135,16905,0.0002200288658934509,5.799622636514832e-05,ASIAN AND PACIFIC ISLAND LANGUAGES,.Other Pacific Island languages
166,..Tongan,31440,8855,0.00010786165968176652,3.037897571507769e-05,ASIAN AND PACIFIC ISLAND LANGUAGES,.Other Pacific Island languages
167,..Niuean,-1,-1,-1.0,-1.0,ASIAN AND PACIFIC ISLAND LANGUAGES,.Other Pacific Island languages
168,..Tokelauan,125,-1,4.2883929580855013e-07,-1.0,ASIAN AND PACIFIC ISLAND LANGUAGES,.Other Pacific Island languages
169,..Fijian,5755,1360,1.9743761179025647e-05,4.665771538397025e-06,ASIAN AND PACIFIC ISLAND LANGUAGES,.Other Pacific Island languages
170,..Marquesan,135,-1,4.631464394732341e-07,-1.0,ASIAN AND PACIFIC ISLAND LANGUAGES,.Other Pacific Island languages
171,..Rarotongan,95,-1,3.2591786481449807e-07,-1.0,ASIAN AND PACIFIC ISLAND LANGUAGES,.Other Pacific Island languages
172,..Maori,460,145,1.5781286085754644e-06,4.974535831379181e-07,ASIAN AND PACIFIC ISLAND LANGUAGES,.Other Pacific Island languages
173,..Nukuoro,210,85,7.204500169583642e-07,2.9161072114981405e-07,ASIAN AND PACIFIC ISLAND LANGUAGES,.Other Pacific Island languages
174,..Hawaiian,26205,4280,8.990186997330445e-05,1.4683457488484756e-05,ASIAN AND PACIFIC ISLAND LANGUAGES,.Other Pacific Island languages
175,ALL OTHER LANGUAGES,2626244,809834,0.009009893020651439,0.002778309138254571,group_header,group_header
176,.Navajo,166826,35250,0.0005723323549004575,0.00012093268141801113,ALL OTHER LANGUAGES,
177,.Other Native North American languages,197505,29548,0.0006775832409493415,0.00010137074810040831,ALL OTHER LANGUAGES,subgroup_header
178,..Aleut,995,170,3.4135607946360587e-06,5.832214422996281e-07,ALL OTHER LANGUAGES,.Other Native North American languages
179,..Pacific Gulf Yupik,70,-1,2.401500056527881e-07,-1.0,ALL OTHER LANGUAGES,.Other Native North American languages
180,..Eskimo,1270,265,4.357007245414869e-06,9.091393071141262e-07,ALL OTHER LANGUAGES,.Other Native North American languages
181,..Inupik,6740,1365,2.312301482999702e-05,4.6829251102293675e-06,ALL OTHER LANGUAGES,.Other Native North American languages
182,..St. Lawrence Island Yupik,1070,285,3.670864372121189e-06,9.777535944434942e-07,ALL OTHER LANGUAGES,.Other Native North American languages
183,..Yupik,19750,5930,6.775660873775091e-05,2.0344136193157616e-05,ALL OTHER LANGUAGES,.Other Native North American languages
184,..Algonquian,1030,265,3.533635797462453e-06,9.091393071141262e-07,ALL OTHER LANGUAGES,.Other Native North American languages
185,..Arapaho,1065,50,3.6537108002888468e-06,1.7153571832342004e-07,ALL OTHER LANGUAGES,.Other Native North American languages
186,..Atsina,55,-1,1.8868929015576205e-07,-1.0,ALL OTHER LANGUAGES,.Other Native North American languages
187,..Blackfoot,1450,65,4.9745358313791815e-06,2.2299643382044607e-07,ALL OTHER LANGUAGES,.Other Native North American languages
188,..Cheyenne,1920,175,6.58697158361933e-06,6.003750141319702e-07,ALL OTHER LANGUAGES,.Other Native North American languages
189,..Cree,870,190,2.9847214988275087e-06,6.518357296289961e-07,ALL OTHER LANGUAGES,.Other Native North American languages
190,..Delaware,240,60,8.233714479524162e-07,2.0584286198810406e-07,ALL OTHER LANGUAGES,.Other Native North American languages
191,..Fox,400,75,1.3722857465873603e-06,2.573035774851301e-07,ALL OTHER LANGUAGES,.Other Native North American languages
192,..Kickapoo,820,220,2.813185780504089e-06,7.547571606230482e-07,ALL OTHER LANGUAGES,.Other Native North American languages
193,..Menomini,405,85,1.3894393184197024e-06,2.9161072114981405e-07,ALL OTHER LANGUAGES,.Other Native North American languages
194,..French Cree,170,120,5.832214422996281e-07,4.116857239762081e-07,ALL OTHER LANGUAGES,.Other Native North American languages
195,..Miami,115,55,3.945321521438661e-07,1.8868929015576205e-07,ALL OTHER LANGUAGES,.Other Native North American languages
196,..Micmac,205,40,7.032964451260222e-07,1.3722857465873605e-07,ALL OTHER LANGUAGES,.Other Native North American languages
197,..Ojibwa,9735,1110,3.339800435756988e-05,3.808092946779925e-06,ALL OTHER LANGUAGES,.Other Native North American languages
198,..Ottawa,965,155,3.310639363642007e-06,5.317607268026021e-07,ALL OTHER LANGUAGES,.Other Native North American languages
199,..Passamaquoddy,845,55,2.8989536396657986e-06,1.8868929015576205e-07,ALL OTHER LANGUAGES,.Other Native North American languages
200,..Penobscot,75,-1,2.573035774851301e-07,-1.0,ALL OTHER LANGUAGES,.Other Native North American languages
201,..Abnaki,55,-1,1.8868929015576205e-07,-1.0,ALL OTHER LANGUAGES,.Other Native North American languages
202,..Potawatomi,985,60,3.379253650971375e-06,2.0584286198810406e-07,ALL OTHER LANGUAGES,.Other Native North American languages
203,..Shawnee,255,-1,8.748321634494422e-07,-1.0,ALL OTHER LANGUAGES,.Other Native North American languages
204,..Yurok,350,25,1.2007500282639403e-06,8.576785916171002e-08,ALL OTHER LANGUAGES,.Other Native North American languages
205,..Kutenai,215,-1,7.376035887907062e-07,-1.0,ALL OTHER LANGUAGES,.Other Native North American languages
206,..Makah,150,80,5.146071549702602e-07,2.744571493174721e-07,ALL OTHER LANGUAGES,.Other Native North American languages
207,..Kwakiutl,175,-1,6.003750141319702e-07,-1.0,ALL OTHER LANGUAGES,.Other Native North American languages
208,..Nootka,-1,-1,-1.0,-1.0,ALL OTHER LANGUAGES,.Other Native North American languages
209,..Upper Chehalis,4,-1,1.3722857465873604e-08,-1.0,ALL OTHER LANGUAGES,.Other Native North American languages
210,..Clallam,145,-1,4.974535831379181e-07,-1.0,ALL OTHER LANGUAGES,.Other Native North American languages
211,..Coeur d'Alene,95,-1,3.2591786481449807e-07,-1.0,ALL OTHER LANGUAGES,.Other Native North American languages
212,..Columbia,-1,-1,-1.0,-1.0,ALL OTHER LANGUAGES,.Other Native North American languages
213,..Salish,1350,100,4.631464394732341e-06,3.430714366468401e-07,ALL OTHER LANGUAGES,.Other Native North American languages
214,..Okanogan,230,110,7.890643042877322e-07,3.773785803115241e-07,ALL OTHER LANGUAGES,.Other Native North American languages
215,..Puget Sound Salish,215,-1,7.376035887907062e-07,-1.0,ALL OTHER LANGUAGES,.Other Native North American languages
216,..Quinault,145,-1,4.974535831379181e-07,-1.0,ALL OTHER LANGUAGES,.Other Native North American languages
217,..Tillamook,-1,-1,-1.0,-1.0,ALL OTHER LANGUAGES,.Other Native North American languages
218,..Twana,-1,-1,-1.0,-1.0,ALL OTHER LANGUAGES,.Other Native North American languages
219,..Haida,180,-1,6.175285859643121e-07,-1.0,ALL OTHER LANGUAGES,.Other Native North American languages
220,..Athapascan,1265,170,4.339853673582527e-06,5.832214422996281e-07,ALL OTHER LANGUAGES,.Other Native North American languages
221,..Ahtena,45,-1,1.5438214649107803e-07,-1.0,ALL OTHER LANGUAGES,.Other Native North American languages
222,..Han,60,40,2.0584286198810406e-07,1.3722857465873605e-07,ALL OTHER LANGUAGES,.Other Native North American languages
223,..Ingalit,15,-1,5.1460715497026015e-08,-1.0,ALL OTHER LANGUAGES,.Other Native North American languages
224,..Koyukon,65,-1,2.2299643382044607e-07,-1.0,ALL OTHER LANGUAGES,.Other Native North American languages
225,..Kuchin,1285,305,4.408467960911895e-06,1.0463678817728622e-06,ALL OTHER LANGUAGES,.Other Native North American languages
226,..Upper Kuskokwim,-1,-1,-1.0,-1.0,ALL OTHER LANGUAGES,.Other Native North American languages
227,..Tanaina,90,-1,3.0876429298215606e-07,-1.0,ALL OTHER LANGUAGES,.Other Native North American languages
228,..Tanana,-1,-1,-1.0,-1.0,ALL OTHER LANGUAGES,.Other Native North American languages
229,..Upper Tanana,-1,-1,-1.0,-1.0,ALL OTHER LANGUAGES,.Other Native North American languages
230,..Chasta Costa,165,-1,5.660678704672861e-07,-1.0,ALL OTHER LANGUAGES,.Other Native North American languages
231,..Hupa,70,-1,2.401500056527881e-07,-1.0,ALL OTHER LANGUAGES,.Other Native North American languages
232,..Other Athapascan-Eyak,25,-1,8.576785916171002e-08,-1.0,ALL OTHER LANGUAGES,.Other Native North American languages
233,..Apache,13445,1595,4.612595465716765e-05,5.4719894145170994e-06,ALL OTHER LANGUAGES,.Other Native North American languages
234,..Kiowa,750,30,2.573035774851301e-06,1.0292143099405203e-07,ALL OTHER LANGUAGES,.Other Native North American languages
235,..Tlingit,1240,130,4.254085814420817e-06,4.4599286764089214e-07,ALL OTHER LANGUAGES,.Other Native North American languages
236,..Mountain Maidu,200,-1,6.861428732936802e-07,-1.0,ALL OTHER LANGUAGES,.Other Native North American languages
237,..Northwest Maidu,-1,-1,-1.0,-1.0,ALL OTHER LANGUAGES,.Other Native North American languages
238,..Southern Maidu,-1,-1,-1.0,-1.0,ALL OTHER LANGUAGES,.Other Native North American languages
239,..Sierra Miwok,155,-1,5.317607268026021e-07,-1.0,ALL OTHER LANGUAGES,.Other Native North American languages
240,..Nomlaki,-1,-1,-1.0,-1.0,ALL OTHER LANGUAGES,.Other Native North American languages
241,..Patwin,4,-1,1.3722857465873604e-08,-1.0,ALL OTHER LANGUAGES,.Other Native North American languages
242,..Wintun,135,40,4.631464394732341e-07,1.3722857465873605e-07,ALL OTHER LANGUAGES,.Other Native North American languages
243,..Foothill North Yokuts,225,85,7.719107324553902e-07,2.9161072114981405e-07,ALL OTHER LANGUAGES,.Other Native North American languages
244,..Tachi,-1,-1,-1.0,-1.0,ALL OTHER LANGUAGES,.Other Native North American languages
245,..Santiam,55,-1,1.8868929015576205e-07,-1.0,ALL OTHER LANGUAGES,.Other Native North American languages
246,..Siuslaw,10,-1,3.430714366468401e-08,-1.0,ALL OTHER LANGUAGES,.Other Native North American languages
247,..Klamath,205,-1,7.032964451260222e-07,-1.0,ALL OTHER LANGUAGES,.Other Native North American languages
248,..Nez Perce,805,40,2.761725065007063e-06,1.3722857465873605e-07,ALL OTHER LANGUAGES,.Other Native North American languages
249,..Sahaptian,1295,110,4.442775104576579e-06,3.773785803115241e-07,ALL OTHER LANGUAGES,.Other Native North American languages
250,..Upper Chinook,270,50,9.262928789464682e-07,1.7153571832342004e-07,ALL OTHER LANGUAGES,.Other Native North American languages
251,..Tsimshian,40,15,1.3722857465873605e-07,5.1460715497026015e-08,ALL OTHER LANGUAGES,.Other Native North American languages
252,..Achumawi,-1,-1,-1.0,-1.0,ALL OTHER LANGUAGES,.Other Native North American languages
253,..Atsugewi,-1,-1,-1.0,-1.0,ALL OTHER LANGUAGES,.Other Native North American languages
254,..Karok,445,100,1.5266678930784385e-06,3.430714366468401e-07,ALL OTHER LANGUAGES,.Other Native North American languages
255,..Pomo,485,70,1.6638964677371743e-06,2.401500056527881e-07,ALL OTHER LANGUAGES,.Other Native North American languages
256,..Washo,215,45,7.376035887907062e-07,1.5438214649107803e-07,ALL OTHER LANGUAGES,.Other Native North American languages
257,..Cocomaricopa,35,-1,1.2007500282639404e-07,-1.0,ALL OTHER LANGUAGES,.Other Native North American languages
258,..Mohave,200,35,6.861428732936802e-07,1.2007500282639404e-07,ALL OTHER LANGUAGES,.Other Native North American languages
259,..Yuma,290,80,9.949071662758362e-07,2.744571493174721e-07,ALL OTHER LANGUAGES,.Other Native North American languages
260,..Diegueno,295,40,1.0120607381081783e-06,1.3722857465873605e-07,ALL OTHER LANGUAGES,.Other Native North American languages
261,..Delta River Yuman,365,10,1.2522107437609663e-06,3.430714366468401e-08,ALL OTHER LANGUAGES,.Other Native North American languages
262,..Havasupai,145,4,4.974535831379181e-07,1.3722857465873604e-08,ALL OTHER LANGUAGES,.Other Native North American languages
263,..Walapai,300,4,1.0292143099405203e-06,1.3722857465873604e-08,ALL OTHER LANGUAGES,.Other Native North American languages
264,..Yavapai,245,20,8.405250197847582e-07,6.861428732936802e-08,ALL OTHER LANGUAGES,.Other Native North American languages
265,..Chumash,-1,-1,-1.0,-1.0,ALL OTHER LANGUAGES,.Other Native North American languages
266,..Tonkawa,50,-1,1.7153571832342004e-07,-1.0,ALL OTHER LANGUAGES,.Other Native North American languages
267,..Yuchi,165,-1,5.660678704672861e-07,-1.0,ALL OTHER LANGUAGES,.Other Native North American languages
268,..Crow,4160,215,1.4271771764508548e-05,7.376035887907062e-07,ALL OTHER LANGUAGES,.Other Native North American languages
269,..Hidatsa,625,50,2.1441964790427504e-06,1.7153571832342004e-07,ALL OTHER LANGUAGES,.Other Native North American languages
270,..Mandan,75,20,2.573035774851301e-07,6.861428732936802e-08,ALL OTHER LANGUAGES,.Other Native North American languages
271,..Dakota,17855,1330,6.12554050132933e-05,4.562850107402973e-06,ALL OTHER LANGUAGES,.Other Native North American languages
272,..Chiwere,105,25,3.602250084791821e-07,8.576785916171002e-08,ALL OTHER LANGUAGES,.Other Native North American languages
273,..Winnebago,1720,185,5.90082871032565e-06,6.346821577966542e-07,ALL OTHER LANGUAGES,.Other Native North American languages
274,..Kansa,20,-1,6.861428732936802e-08,-1.0,ALL OTHER LANGUAGES,.Other Native North American languages
275,..Omaha,480,15,1.6467428959048325e-06,5.1460715497026015e-08,ALL OTHER LANGUAGES,.Other Native North American languages
276,..Osage,420,-1,1.4409000339167284e-06,-1.0,ALL OTHER LANGUAGES,.Other Native North American languages
277,..Ponca,305,25,1.0463678817728622e-06,8.576785916171002e-08,ALL OTHER LANGUAGES,.Other Native North American languages
278,..Quapaw,-1,-1,-1.0,-1.0,ALL OTHER LANGUAGES,.Other Native North American languages
279,..Alabama,370,70,1.2693643155933084e-06,2.401500056527881e-07,ALL OTHER LANGUAGES,.Other Native North American languages
280,..Choctaw,9635,1425,3.305493292092304e-05,4.8887679722174714e-06,ALL OTHER LANGUAGES,.Other Native North American languages
281,..Mikasuki,290,65,9.949071662758362e-07,2.2299643382044607e-07,ALL OTHER LANGUAGES,.Other Native North American languages
282,..Koasati,365,25,1.2522107437609663e-06,8.576785916171002e-08,ALL OTHER LANGUAGES,.Other Native North American languages
283,..Muskogee,4465,710,1.531813964628141e-05,2.435807200192565e-06,ALL OTHER LANGUAGES,.Other Native North American languages
284,..Chetemacha,65,-1,2.2299643382044607e-07,-1.0,ALL OTHER LANGUAGES,.Other Native North American languages
285,..Keres,13190,2295,4.525112249371821e-05,7.87348947104498e-06,ALL OTHER LANGUAGES,.Other Native North American languages
286,..Iroquois,165,65,5.660678704672861e-07,2.2299643382044607e-07,ALL OTHER LANGUAGES,.Other Native North American languages
287,..Mohawk,1945,225,6.67273944278104e-06,7.719107324553902e-07,ALL OTHER LANGUAGES,.Other Native North American languages
288,..Oneida,770,65,2.6416500621806687e-06,2.2299643382044607e-07,ALL OTHER LANGUAGES,.Other Native North American languages
289,..Onondaga,75,-1,2.573035774851301e-07,-1.0,ALL OTHER LANGUAGES,.Other Native North American languages
290,..Cayuga,-1,-1,-1.0,-1.0,ALL OTHER LANGUAGES,.Other Native North American languages
291,..Seneca,1015,210,3.482175081965427e-06,7.204500169583642e-07,ALL OTHER LANGUAGES,.Other Native North American languages
292,..Tuscarora,240,40,8.233714479524162e-07,1.3722857465873605e-07,ALL OTHER LANGUAGES,.Other Native North American languages
293,..Wyandot,30,-1,1.0292143099405203e-07,-1.0,ALL OTHER LANGUAGES,.Other Native North American languages
294,..Cherokee,11465,1460,3.9333140211560215e-05,5.008842975043865e-06,ALL OTHER LANGUAGES,.Other Native North American languages
295,..Arikara,155,40,5.317607268026021e-07,1.3722857465873605e-07,ALL OTHER LANGUAGES,.Other Native North American languages
296,..Caddo,115,-1,3.945321521438661e-07,-1.0,ALL OTHER LANGUAGES,.Other Native North American languages
297,..Pawnee,95,-1,3.2591786481449807e-07,-1.0,ALL OTHER LANGUAGES,.Other Native North American languages
298,..Wichita,-1,-1,-1.0,-1.0,ALL OTHER LANGUAGES,.Other Native North American languages
299,..Comanche,1015,90,3.482175081965427e-06,3.0876429298215606e-07,ALL OTHER LANGUAGES,.Other Native North American languages
300,..Mono,355,105,1.2179036000962824e-06,3.602250084791821e-07,ALL OTHER LANGUAGES,.Other Native North American languages
301,..Paiute,1305,200,4.477082248241263e-06,6.861428732936802e-07,ALL OTHER LANGUAGES,.Other Native North American languages
302,..Northern Paiute,30,-1,1.0292143099405203e-07,-1.0,ALL OTHER LANGUAGES,.Other Native North American languages
303,..Southern Paiute,-1,-1,-1.0,-1.0,ALL OTHER LANGUAGES,.Other Native North American languages
304,..Chemehuevi,-1,-1,-1.0,-1.0,ALL OTHER LANGUAGES,.Other Native North American languages
305,..Kawaiisu,-1,-1,-1.0,-1.0,ALL OTHER LANGUAGES,.Other Native North American languages
306,..Ute,1895,145,6.50120372445762e-06,4.974535831379181e-07,ALL OTHER LANGUAGES,.Other Native North American languages
307,..Shoshoni,2000,180,6.861428732936802e-06,6.175285859643121e-07,ALL OTHER LANGUAGES,.Other Native North American languages
308,..Hopi,6075,1525,2.0841589776295536e-05,5.231839408864311e-06,ALL OTHER LANGUAGES,.Other Native North American languages
309,..Cahuilla,60,-1,2.0584286198810406e-07,-1.0,ALL OTHER LANGUAGES,.Other Native North American languages
310,..Cupeno,20,-1,6.861428732936802e-08,-1.0,ALL OTHER LANGUAGES,.Other Native North American languages
311,..Luiseno,75,15,2.573035774851301e-07,5.1460715497026015e-08,ALL OTHER LANGUAGES,.Other Native North American languages
312,..Serrano,-1,-1,-1.0,-1.0,ALL OTHER LANGUAGES,.Other Native North American languages
313,..Pima,6990,720,2.3980693421614122e-05,2.4701143438572485e-06,ALL OTHER LANGUAGES,.Other Native North American languages
314,..Yaqui,640,55,2.1956571945397768e-06,1.8868929015576205e-07,ALL OTHER LANGUAGES,.Other Native North American languages
315,..Picuris,155,-1,5.317607268026021e-07,-1.0,ALL OTHER LANGUAGES,.Other Native North American languages
316,..Tiwa,2180,100,7.478957318901114e-06,3.430714366468401e-07,ALL OTHER LANGUAGES,.Other Native North American languages
317,..Sandia,-1,-1,-1.0,-1.0,ALL OTHER LANGUAGES,.Other Native North American languages
318,..Tewa,4620,360,1.5849900373084012e-05,1.2350571719286242e-06,ALL OTHER LANGUAGES,.Other Native North American languages
319,..Towa,1925,535,6.604125155451672e-06,1.8354321860605945e-06,ALL OTHER LANGUAGES,.Other Native North American languages
320,..Zuni,9615,1240,3.298631863359368e-05,4.254085814420817e-06,ALL OTHER LANGUAGES,.Other Native North American languages
321,..Chinook Jargon,45,-1,1.5438214649107803e-07,-1.0,ALL OTHER LANGUAGES,.Other Native North American languages
322,..American Indian,7110,1175,2.439237914559033e-05,4.031089380600371e-06,ALL OTHER LANGUAGES,.Other Native North American languages
323,..Jicarilla,510,30,1.7496643268988844e-06,1.0292143099405203e-07,ALL OTHER LANGUAGES,.Other Native North American languages
324,..Chiricahua,155,20,5.317607268026021e-07,6.861428732936802e-08,ALL OTHER LANGUAGES,.Other Native North American languages
325,..San Carlos,360,30,1.2350571719286242e-06,1.0292143099405203e-07,ALL OTHER LANGUAGES,.Other Native North American languages
326,..Kalispel,30,-1,1.0292143099405203e-07,-1.0,ALL OTHER LANGUAGES,.Other Native North American languages
327,..Spokane,-1,-1,-1.0,-1.0,ALL OTHER LANGUAGES,.Other Native North American languages
328,.Hungarian,86406,25983,0.0002964343055490687,8.914025138394846e-05,ALL OTHER LANGUAGES,
329,.Arabic,924374,341425,0.0031712631617898616,0.0011713316525714737,ALL OTHER LANGUAGES,
330,.Hebrew,212747,34912,0.0007298741893230529,0.00011977309996214481,ALL OTHER LANGUAGES,
331,.African languages,894499,284099,0.003068770570091618,0.0009746625207993062,ALL OTHER LANGUAGES,subgroup_header
332,..Amharic,195260,81385,0.00066988128719662,0.0002792086887150308,ALL OTHER LANGUAGES,.African languages
333,..Berber,2940,1630,1.0086300237417098e-05,5.592064417343493e-06,ALL OTHER LANGUAGES,.African languages
334,..Chadic,8565,2275,2.9384068548801853e-05,7.804875183715612e-06,ALL OTHER LANGUAGES,.African languages
335,..Cushite,122445,59495,0.00042007382060222335,0.00020411035123303752,ALL OTHER LANGUAGES,.African languages
336,..Sudanic,8510,3935,2.9195379258646092e-05,1.3499861032053157e-05,ALL OTHER LANGUAGES,.African languages
337,..Nilotic,6890,2235,2.3637621984967282e-05,7.667646609056876e-06,ALL OTHER LANGUAGES,.African languages
338,..Nilo-Hamitic,1275,575,4.374160817247211e-06,1.9726607607193306e-06,ALL OTHER LANGUAGES,.African languages
339,..Nubian,305,185,1.0463678817728622e-06,6.346821577966542e-07,ALL OTHER LANGUAGES,.African languages
340,..Saharan,80,-1,2.744571493174721e-07,-1.0,ALL OTHER LANGUAGES,.African languages
341,..Nilo-Saharan,270,155,9.262928789464682e-07,5.317607268026021e-07,ALL OTHER LANGUAGES,.African languages
342,..Khoisan,55,20,1.8868929015576205e-07,6.861428732936802e-08,ALL OTHER LANGUAGES,.African languages
343,..Swahili,88685,22055,0.0003042529035902501,7.566440535246058e-05,ALL OTHER LANGUAGES,.African languages
344,..Bantu,56685,16635,0.0001944700438632613,5.706993348620185e-05,ALL OTHER LANGUAGES,.African languages
345,..Mande,29835,10370,0.00010235536312358474,3.5576507980277315e-05,ALL OTHER LANGUAGES,.African languages
346,..Fulani,30475,11745,0.00010455102031812451,4.0293740234171365e-05,ALL OTHER LANGUAGES,.African languages
347,..Gur,1310,405,4.4942358200736055e-06,1.3894393184197024e-06,ALL OTHER LANGUAGES,.African languages
348,"..Kru, Ibo, Yoruba",322255,64690,0.0011055648581662744,0.00022193291236684087,ALL OTHER LANGUAGES,.African languages
349,..Efik,5620,905,1.9280614739552413e-05,3.104796501653903e-06,ALL OTHER LANGUAGES,.African languages
350,..Mbum (and related),715,370,2.4529607720249066e-06,1.2693643155933084e-06,ALL OTHER LANGUAGES,.African languages
351,..African,12320,5000,4.22664009948907e-05,1.7153571832342003e-05,ALL OTHER LANGUAGES,.African languages
352,.Other and unspecified languages,143887,58617,0.0004936351980480388,0.00020109818401927825,ALL OTHER LANGUAGES,subgroup_header
353,..Finnish,25805,4350,8.852958422671709e-05,1.4923607494137544e-05,ALL OTHER LANGUAGES,.Other and unspecified languages
354,..Estonian,6035,1335,2.07043612016368e-05,4.580003679235316e-06,ALL OTHER LANGUAGES,.Other and unspecified languages
355,..Lapp,-1,-1,-1.0,-1.0,ALL OTHER LANGUAGES,.Other and unspecified languages
356,..Other Uralic languages,20,-1,6.861428732936802e-08,-1.0,ALL OTHER LANGUAGES,.Other and unspecified languages
357,..Caucasian,8980,4280,3.080781501088624e-05,1.4683457488484756e-05,ALL OTHER LANGUAGES,.Other and unspecified languages
358,..Basque,1860,635,6.381128721631226e-06,2.1785036227074345e-06,ALL OTHER LANGUAGES,.Other and unspecified languages
359,..Syriac,74725,33600,0.00025636013103435125,0.00011527200271333827,ALL OTHER LANGUAGES,.Other and unspecified languages
360,..Aztecan,720,400,2.4701143438572485e-06,1.3722857465873603e-06,ALL OTHER LANGUAGES,.Other and unspecified languages
361,..Sonoran,60,60,2.0584286198810406e-07,2.0584286198810406e-07,ALL OTHER LANGUAGES,.Other and unspecified languages
362,..Misumalpan,95,35,3.2591786481449807e-07,1.2007500282639404e-07,ALL OTHER LANGUAGES,.Other and unspecified languages
363,..Mayan languages,7650,5730,2.6244964903483267e-05,1.965799331986394e-05,ALL OTHER LANGUAGES,.Other and unspecified languages
364,..Tarascan,60,40,2.0584286198810406e-07,1.3722857465873605e-07,ALL OTHER LANGUAGES,.Other and unspecified languages
365,..Mapuche,210,195,7.204500169583642e-07,6.689893014613382e-07,ALL OTHER LANGUAGES,.Other and unspecified languages
366,..Oto - Manguen,5100,4425,1.7496643268988843e-05,1.5180911071622674e-05,ALL OTHER LANGUAGES,.Other and unspecified languages
367,..Quechua,1300,1000,4.459928676408921e-06,3.430714366468401e-06,ALL OTHER LANGUAGES,.Other and unspecified languages
368,..Arawakian,3150,925,1.0806750254375462e-05,3.1734107889832707e-06,ALL OTHER LANGUAGES,.Other and unspecified languages
369,..Chibchan,1095,865,3.756632231282899e-06,2.967567926995167e-06,ALL OTHER LANGUAGES,.Other and unspecified languages
370,..Tupi-Guarani,245,155,8.405250197847582e-07,5.317607268026021e-07,ALL OTHER LANGUAGES,.Other and unspecified languages
371,..Uncodable,6760,595,2.319162911732639e-05,2.0412750480486984e-06,ALL OTHER LANGUAGES,.Other and unspecified languages
